{
  "vehicle_median_int": 130,
  "trace": [
    [
      43.7022133,
      -79.51863,
      1499558464,
      0
    ],
    [
      43.7022133,
      -79.51863,
      1499558584,
      0
    ],
    [
      43.7022133,
      -79.51863,
      1499558705,
      0
    ]
  ],
  "max_distance": 150
}